{
    "controlType": {
        "Controller": 0,
        "Keyboard": 1
    },
    "leftStick": {
        "x": 0.0,
        "y": 0.0
    },
    "rightStick": {
        "x": 0.0,
        "y": 0.0
    },
    "buttons": {
        "UP": 0,
        "DOWN": 0,
        "LEFT": 0,
        "RIGHT": 0,
        "Y": 0,
        "A": 0,
        "X": 0,
        "B": 0
    },
    "mouseStick1": {
        "x": 0.0,
        "y": 0.0
    },
    "mouseStick2": {
        "x": 0.0,
        "y": 0.0
    },
    "keys": {
        "UP": 0,
        "DOWN": 0,
        "LEFT": 0,
        "RIGHT": 0,
        "W": 0,
        "A": 0,
        "S": 0,
        "D": 0
    }
}